{"MAE": 1.6503529273653295, "RMSE": 2.0594795351112585}